player,letter,出場回数,monster,level,variant,image,A(アクティブ),P(コンパニオン),url01,url02,url03,url04,url05,url06,url07,url08,url09,url10,url11
ポリープ,K,10,ドール,61,原,https://eldersign.jp/img/mi/g/f0/056_dhole_0g4.png,アースクェイク / ウォークライ / カロウシブスピット / スキュアー / チャージ,セントリー / ディレイオーダー / ハートオブウィンド / ハートオブオーシャン / 守りのミンネ / 戦いのエール,https://eldersign.jp/rankmatch?cmd=v&rk=6&v=10&se=13&t=1,https://eldersign.jp/rankmatch?cmd=v&rk=6&v=42&se=13&t=1,https://eldersign.jp/rankmatch?cmd=v&rk=6&v=74&se=13&t=1,https://eldersign.jp/rankmatch?cmd=v&rk=6&v=138&se=13&t=1,https://eldersign.jp/rankmatch?cmd=v&rk=6&v=170&se=13&t=1,https://eldersign.jp/rankmatch?cmd=v&rk=6&v=202&se=13&t=1,https://eldersign.jp/rankmatch?cmd=v&rk=6&v=234&se=13&t=1,https://eldersign.jp/rankmatch?cmd=v&rk=6&v=266&se=13&t=1,https://eldersign.jp/rankmatch?cmd=v&rk=6&v=298&se=13&t=1,https://eldersign.jp/rankmatch?cmd=v&rk=6&v=331&se=13&t=1,
ポリープ,K,3,ハイドラ,59,原,https://eldersign.jp/img/mi/g/f0/048_hydra_0g4.png,スキュアー / スタンピード / チャージ / ベノムスティング / ラーヴァフロウ,セントリー / ハートオブオーシャン / 命中ブースト / 戦いのエール,https://eldersign.jp/rankmatch?cmd=v&rk=6&v=10&se=13&t=1,https://eldersign.jp/rankmatch?cmd=v&rk=6&v=202&se=13&t=1,https://eldersign.jp/rankmatch?cmd=v&rk=6&v=331&se=13&t=1,,,,,,,,
ポリープ,K,4,セイレンアウェイク (1),53,亜2,https://eldersign.jp/img/mi/g/f0/024_seiren_2g4.png,アウェイクニング / エルフショット / ヒーリング / 光のベール / 悪魔のトリル,ミラージュ / 心の棘 / 戦いのエール / 魔力ブースト,https://eldersign.jp/rankmatch?cmd=v&rk=6&v=10&se=13&t=1,https://eldersign.jp/rankmatch?cmd=v&rk=6&v=106&se=13&t=1,https://eldersign.jp/rankmatch?cmd=v&rk=6&v=266&se=13&t=1,https://eldersign.jp/rankmatch?cmd=v&rk=6&v=331&se=13&t=1,,,,,,,
ポリープ,K,1,セイレンアウェイク (2),53,亜2,https://eldersign.jp/img/mi/g/f0/024_seiren_2g4.png,光のベール,心の棘 / 魔力ブースト,https://eldersign.jp/rankmatch?cmd=v&rk=6&v=42&se=13&t=1,,,,,,,,,,
ポリープ,K,2,アルルーナ,45,原,https://eldersign.jp/img/mi/g/f0/040_alrunes_0g4.png,エンジェルダスト / トランキリティ / フサリア / ブラッドスティール / ラストシュリーク,ディレイオーダー / 守りのミンネ / 心の棘 / 魔力ブースト,https://eldersign.jp/rankmatch?cmd=v&rk=6&v=10&se=13&t=1,https://eldersign.jp/rankmatch?cmd=v&rk=6&v=298&se=13&t=1,,,,,,,,,
ポリープ,K,8,グレムリン,66,亜1,https://eldersign.jp/img/mi/g/f0/021_gremlin_1g4.png,ウィンドボルト / フサリア / 光のベール / 光の楔 / 風葬,ミラージュ / 心の壁 / 戦いのエール,https://eldersign.jp/rankmatch?cmd=v&rk=6&v=42&se=13&t=1,https://eldersign.jp/rankmatch?cmd=v&rk=6&v=74&se=13&t=1,https://eldersign.jp/rankmatch?cmd=v&rk=6&v=138&se=13&t=1,https://eldersign.jp/rankmatch?cmd=v&rk=6&v=170&se=13&t=1,https://eldersign.jp/rankmatch?cmd=v&rk=6&v=202&se=13&t=1,https://eldersign.jp/rankmatch?cmd=v&rk=6&v=266&se=13&t=1,https://eldersign.jp/rankmatch?cmd=v&rk=6&v=298&se=13&t=1,https://eldersign.jp/rankmatch?cmd=v&rk=6&v=331&se=13&t=1,,,
ポリープ,K,4,ペリ,55,原,https://eldersign.jp/img/mi/g/f0/042_peri_0g7.png,アイギスシールド / アイスランス / コールドボルト / ペイルムーン / 水流,コールドアシスト,https://eldersign.jp/rankmatch?cmd=v&rk=6&v=42&se=13&t=1,https://eldersign.jp/rankmatch?cmd=v&rk=6&v=106&se=13&t=1,https://eldersign.jp/rankmatch?cmd=v&rk=6&v=138&se=13&t=1,https://eldersign.jp/rankmatch?cmd=v&rk=6&v=266&se=13&t=1,,,,,,,
ポリープ,K,1,ワンプクリアランス,39,亜1,https://eldersign.jp/img/mi/g/f0/033_wamp_1g7.png,クリアランス / ステンチ / セメタリーゲート / チャージ / ヒカップ,ミラージュ,https://eldersign.jp/rankmatch?cmd=v&rk=6&v=74&se=13&t=1,,,,,,,,,,
ポリープ,K,2,エアリエル,36,原,https://eldersign.jp/img/mi/g/f0/039_ariel_0g4.png,ウィンドボルト / テンペスト / ファイアボール / フサリア / ブラッドスティール,クィックオーダー / 命中ブースト / 戦いのエール,https://eldersign.jp/rankmatch?cmd=v&rk=6&v=74&se=13&t=1,https://eldersign.jp/rankmatch?cmd=v&rk=6&v=298&se=13&t=1,,,,,,,,,
ポリープ,K,4,スターヴァンパイア,58,原,https://eldersign.jp/img/mi/g/f0/052_star-vampire_0g4.png,アンガドーリエラ / アンブッシュ / セメタリーゲート / フェアリーキラー / 光のベール,クィックオーダー / ミラージュ / 命中ブースト,https://eldersign.jp/rankmatch?cmd=v&rk=6&v=106&se=13&t=1,https://eldersign.jp/rankmatch?cmd=v&rk=6&v=138&se=13&t=1,https://eldersign.jp/rankmatch?cmd=v&rk=6&v=202&se=13&t=1,https://eldersign.jp/rankmatch?cmd=v&rk=6&v=234&se=13&t=1,,,,,,,
ポリープ,K,1,ワイバーン,45,亜2,https://eldersign.jp/img/mi/g/f0/029_wyvern_2g4.png,スキュアー / チャージ / ベノムスクラッチ / ベノムスティング / 光の刻印,ミラージュ,https://eldersign.jp/rankmatch?cmd=v&rk=6&v=106&se=13&t=1,,,,,,,,,,
ポリープ,K,1,アンクー,46,原,https://eldersign.jp/img/mi/g/f0/044_ankou_0g4.png,ダブルアタック / ビーストキラー,戦いのエール,https://eldersign.jp/rankmatch?cmd=v&rk=6&v=170&se=13&t=1,,,,,,,,,,
ポリープ,K,1,ミ＝ゴフォトケミカルスモ,12,亜1,https://eldersign.jp/img/mi/g/f0/032_mi-go_1g7.png,フォトケミカルスモッグ,ミラージュ,https://eldersign.jp/rankmatch?cmd=v&rk=6&v=170&se=13&t=1,,,,,,,,,,
ポリープ,K,1,アトラク＝ナクア,49,原,https://eldersign.jp/img/mi/g/f0/066_atlach-nacha_0g4.png,イーヴルフルート / ゴッサマーチェイン / セメタリーゲート / 闇の刻印 / 闇の楔,心の棘 / 魔力ブースト,https://eldersign.jp/rankmatch?cmd=v&rk=6&v=234&se=13&t=1,,,,,,,,,,
ポリープ,K,1,オールドワン,41,原,https://eldersign.jp/img/mi/g/f0/051_old-one_0g7.png,ヒーリング / ミラーズ / ユロール / 悪魔のトリル,クィックオーダー / 地味づくり,https://eldersign.jp/rankmatch?cmd=v&rk=6&v=234&se=13&t=1,,,,,,,,,,
酒と泪,F,11,ハイドラ,70,原,https://eldersign.jp/img/mi/g/f0/048_hydra_0g7.png,クァドラストライク / ラーヴァフロウ / 炎のベール / 誘い受け,エンジェリックウィング,https://eldersign.jp/rankmatch?cmd=v&rk=6&v=5&se=13&t=1,https://eldersign.jp/rankmatch?cmd=v&rk=6&v=37&se=13&t=1,https://eldersign.jp/rankmatch?cmd=v&rk=6&v=69&se=13&t=1,https://eldersign.jp/rankmatch?cmd=v&rk=6&v=101&se=13&t=1,https://eldersign.jp/rankmatch?cmd=v&rk=6&v=133&se=13&t=1,https://eldersign.jp/rankmatch?cmd=v&rk=6&v=166&se=13&t=1,https://eldersign.jp/rankmatch?cmd=v&rk=6&v=167&se=13&t=1,https://eldersign.jp/rankmatch?cmd=v&rk=6&v=168&se=13&t=1,https://eldersign.jp/rankmatch?cmd=v&rk=6&v=169&se=13&t=1,https://eldersign.jp/rankmatch?cmd=v&rk=6&v=170&se=13&t=1,https://eldersign.jp/rankmatch?cmd=v&rk=6&v=171&se=13&t=1
酒と泪,F,10,アークディスプレイサー,47,亜2,https://eldersign.jp/img/mi/p/f0/057_arch-displacers_2g4.png,スリープクラウド / ソリッドファントム / ディスプレイスメント / ハードブロウ / ホロウワールド,リフレクション / 防御ブースト,https://eldersign.jp/rankmatch?cmd=v&rk=6&v=5&se=13&t=1,https://eldersign.jp/rankmatch?cmd=v&rk=6&v=37&se=13&t=1,https://eldersign.jp/rankmatch?cmd=v&rk=6&v=69&se=13&t=1,https://eldersign.jp/rankmatch?cmd=v&rk=6&v=101&se=13&t=1,https://eldersign.jp/rankmatch?cmd=v&rk=6&v=133&se=13&t=1,https://eldersign.jp/rankmatch?cmd=v&rk=6&v=166&se=13&t=1,https://eldersign.jp/rankmatch?cmd=v&rk=6&v=167&se=13&t=1,https://eldersign.jp/rankmatch?cmd=v&rk=6&v=169&se=13&t=1,https://eldersign.jp/rankmatch?cmd=v&rk=6&v=170&se=13&t=1,https://eldersign.jp/rankmatch?cmd=v&rk=6&v=171&se=13&t=1,
酒と泪,F,11,ドール (1),76,亜1,https://eldersign.jp/img/mi/p/f0/056_dhole_1g7.png,アースクェイク / カロウシブスピット / スカラド / ダルバドーハ / 炎の刻印,リジェネレイト / リフレクション,https://eldersign.jp/rankmatch?cmd=v&rk=6&v=5&se=13&t=1,https://eldersign.jp/rankmatch?cmd=v&rk=6&v=37&se=13&t=1,https://eldersign.jp/rankmatch?cmd=v&rk=6&v=69&se=13&t=1,https://eldersign.jp/rankmatch?cmd=v&rk=6&v=101&se=13&t=1,https://eldersign.jp/rankmatch?cmd=v&rk=6&v=133&se=13&t=1,https://eldersign.jp/rankmatch?cmd=v&rk=6&v=166&se=13&t=1,https://eldersign.jp/rankmatch?cmd=v&rk=6&v=167&se=13&t=1,https://eldersign.jp/rankmatch?cmd=v&rk=6&v=168&se=13&t=1,https://eldersign.jp/rankmatch?cmd=v&rk=6&v=169&se=13&t=1,https://eldersign.jp/rankmatch?cmd=v&rk=6&v=170&se=13&t=1,https://eldersign.jp/rankmatch?cmd=v&rk=6&v=171&se=13&t=1
酒と泪,F,11,ドール (2),82,亜2,https://eldersign.jp/img/mi/p/f0/056_dhole_2g4.png,アースクェイク / スカラド / ダルバドーハ / 炎の楔 / 熱傷,リジェネレイト / 守りのミンネ,https://eldersign.jp/rankmatch?cmd=v&rk=6&v=5&se=13&t=1,https://eldersign.jp/rankmatch?cmd=v&rk=6&v=37&se=13&t=1,https://eldersign.jp/rankmatch?cmd=v&rk=6&v=69&se=13&t=1,https://eldersign.jp/rankmatch?cmd=v&rk=6&v=101&se=13&t=1,https://eldersign.jp/rankmatch?cmd=v&rk=6&v=133&se=13&t=1,https://eldersign.jp/rankmatch?cmd=v&rk=6&v=166&se=13&t=1,https://eldersign.jp/rankmatch?cmd=v&rk=6&v=167&se=13&t=1,https://eldersign.jp/rankmatch?cmd=v&rk=6&v=168&se=13&t=1,https://eldersign.jp/rankmatch?cmd=v&rk=6&v=169&se=13&t=1,https://eldersign.jp/rankmatch?cmd=v&rk=6&v=170&se=13&t=1,https://eldersign.jp/rankmatch?cmd=v&rk=6&v=171&se=13&t=1
酒と泪,F,1,オールドワン,70,原,https://eldersign.jp/img/mi/g/f0/051_old-one_0g7.png,デルバイス / トランキリティ / ミラーズ / ラストシュリーク,リフレクション / 防御ブースト,https://eldersign.jp/rankmatch?cmd=v&rk=6&v=168&se=13&t=1,,,,,,,,,,
けけけけ,B,5,ゴブリンキング,69,亜1,https://eldersign.jp/img/mi/p/f0/084_goblin-king_1g7.png,ストーン / ストーンレイン / チャージ / フォトケミカルスモッグ / ペイルムーン,コールドアシスト / 戦いのエール / 攻撃ブースト / 魔力ブースト,https://eldersign.jp/rankmatch?cmd=v&rk=6&v=1&se=13&t=1,https://eldersign.jp/rankmatch?cmd=v&rk=6&v=35&se=13&t=1,https://eldersign.jp/rankmatch?cmd=v&rk=6&v=37&se=13&t=1,https://eldersign.jp/rankmatch?cmd=v&rk=6&v=41&se=13&t=1,https://eldersign.jp/rankmatch?cmd=v&rk=6&v=42&se=13&t=1,,,,,,
けけけけ,B,4,フラーユ,60,原,https://eldersign.jp/img/mi/p/f0/058_floweyu_0g4.png,アイスランス / フェアリーエイド / ペイルムーン / ホロウワールド / 桜花泡影,心の棘 / 魔力ブースト,https://eldersign.jp/rankmatch?cmd=v&rk=6&v=1&se=13&t=1,https://eldersign.jp/rankmatch?cmd=v&rk=6&v=35&se=13&t=1,https://eldersign.jp/rankmatch?cmd=v&rk=6&v=37&se=13&t=1,https://eldersign.jp/rankmatch?cmd=v&rk=6&v=41&se=13&t=1,,,,,,,
けけけけ,B,5,グレムリン,50,原,https://eldersign.jp/img/mi/s/f0/021_gremlin_0g4.png,光の楔 / 闇の刻印 / 闇の楔,リフレクション / 心の壁 / 心の棘,https://eldersign.jp/rankmatch?cmd=v&rk=6&v=1&se=13&t=1,https://eldersign.jp/rankmatch?cmd=v&rk=6&v=35&se=13&t=1,https://eldersign.jp/rankmatch?cmd=v&rk=6&v=37&se=13&t=1,https://eldersign.jp/rankmatch?cmd=v&rk=6&v=41&se=13&t=1,https://eldersign.jp/rankmatch?cmd=v&rk=6&v=42&se=13&t=1,,,,,,
けけけけ,B,4,ルサルカ,43,亜2,https://eldersign.jp/img/mi/p/f0/041_rusalka_2g4.png,ウィンターブラスト / ペイルムーン,メンタルケア / 地味づくり,https://eldersign.jp/rankmatch?cmd=v&rk=6&v=1&se=13&t=1,https://eldersign.jp/rankmatch?cmd=v&rk=6&v=35&se=13&t=1,https://eldersign.jp/rankmatch?cmd=v&rk=6&v=37&se=13&t=1,https://eldersign.jp/rankmatch?cmd=v&rk=6&v=41&se=13&t=1,,,,,,,
けけけけ,B,6,ダークヤング,69,原,https://eldersign.jp/img/mi/g/f0/055_dark-young_0g7.png,のしかかり / ガッシマ / スタンピード / ニグラーヌ,リジェネレイト / リフレクション,https://eldersign.jp/rankmatch?cmd=v&rk=6&v=34&se=13&t=1,https://eldersign.jp/rankmatch?cmd=v&rk=6&v=36&se=13&t=1,https://eldersign.jp/rankmatch?cmd=v&rk=6&v=38&se=13&t=1,https://eldersign.jp/rankmatch?cmd=v&rk=6&v=39&se=13&t=1,https://eldersign.jp/rankmatch?cmd=v&rk=6&v=40&se=13&t=1,https://eldersign.jp/rankmatch?cmd=v&rk=6&v=43&se=13&t=1,,,,,
けけけけ,B,7,ドール,67,原,https://eldersign.jp/img/mi/g/f0/056_dhole_0g7.png,のしかかり / アースクェイク / カロウシブスピット / スタンピード / ダルバドーハ,リジェネレイト / 戦いのエール,https://eldersign.jp/rankmatch?cmd=v&rk=6&v=34&se=13&t=1,https://eldersign.jp/rankmatch?cmd=v&rk=6&v=36&se=13&t=1,https://eldersign.jp/rankmatch?cmd=v&rk=6&v=38&se=13&t=1,https://eldersign.jp/rankmatch?cmd=v&rk=6&v=39&se=13&t=1,https://eldersign.jp/rankmatch?cmd=v&rk=6&v=40&se=13&t=1,https://eldersign.jp/rankmatch?cmd=v&rk=6&v=42&se=13&t=1,https://eldersign.jp/rankmatch?cmd=v&rk=6&v=43&se=13&t=1,,,,
けけけけ,B,7,ペリ,69,亜2,https://eldersign.jp/img/mi/p/f0/042_peri_2g7.png,アウェイクニング / セメタリーゲート / ムーランルージュ / レーヴァテイン / 風葬,ミラージュ / 守りのミンネ / 防御ブースト,https://eldersign.jp/rankmatch?cmd=v&rk=6&v=34&se=13&t=1,https://eldersign.jp/rankmatch?cmd=v&rk=6&v=36&se=13&t=1,https://eldersign.jp/rankmatch?cmd=v&rk=6&v=38&se=13&t=1,https://eldersign.jp/rankmatch?cmd=v&rk=6&v=39&se=13&t=1,https://eldersign.jp/rankmatch?cmd=v&rk=6&v=40&se=13&t=1,https://eldersign.jp/rankmatch?cmd=v&rk=6&v=42&se=13&t=1,https://eldersign.jp/rankmatch?cmd=v&rk=6&v=43&se=13&t=1,,,,
けけけけ,B,6,オールドワン,61,原,https://eldersign.jp/img/mi/g/f0/051_old-one_0g4.png,ミラーズ / ユロール / 光の楔 / 風葬,クィックオーダー / 心の壁 / 心の棘,https://eldersign.jp/rankmatch?cmd=v&rk=6&v=34&se=13&t=1,https://eldersign.jp/rankmatch?cmd=v&rk=6&v=36&se=13&t=1,https://eldersign.jp/rankmatch?cmd=v&rk=6&v=38&se=13&t=1,https://eldersign.jp/rankmatch?cmd=v&rk=6&v=39&se=13&t=1,https://eldersign.jp/rankmatch?cmd=v&rk=6&v=40&se=13&t=1,https://eldersign.jp/rankmatch?cmd=v&rk=6&v=43&se=13&t=1,,,,,
ハイジ,J,11,パズズ兄,67,原,https://eldersign.jp/img/mi/g/f0/045_pazuzu_0g4.png,スキュアー / チャージ / デルタスラッシュ / ドラゴニックロア / ハードブロウ / ベノムスティング,ハートオブオーシャン / ミラージュ / 敏捷ブースト,https://eldersign.jp/rankmatch?cmd=v&rk=6&v=9&se=13&t=1,https://eldersign.jp/rankmatch?cmd=v&rk=6&v=41&se=13&t=1,https://eldersign.jp/rankmatch?cmd=v&rk=6&v=73&se=13&t=1,https://eldersign.jp/rankmatch?cmd=v&rk=6&v=105&se=13&t=1,https://eldersign.jp/rankmatch?cmd=v&rk=6&v=137&se=13&t=1,https://eldersign.jp/rankmatch?cmd=v&rk=6&v=169&se=13&t=1,https://eldersign.jp/rankmatch?cmd=v&rk=6&v=201&se=13&t=1,https://eldersign.jp/rankmatch?cmd=v&rk=6&v=233&se=13&t=1,https://eldersign.jp/rankmatch?cmd=v&rk=6&v=265&se=13&t=1,https://eldersign.jp/rankmatch?cmd=v&rk=6&v=298&se=13&t=1,https://eldersign.jp/rankmatch?cmd=v&rk=6&v=299&se=13&t=1
ハイジ,J,11,パズズ弟,51,亜2,https://eldersign.jp/img/mi/p/f0/045_pazuzu_2g4.png,スキュアー / チャージ / デルタスラッシュ / ドラゴニックロア / バインドグラスプ / ベノムスティング,ハートオブオーシャン / ミラージュ,https://eldersign.jp/rankmatch?cmd=v&rk=6&v=9&se=13&t=1,https://eldersign.jp/rankmatch?cmd=v&rk=6&v=41&se=13&t=1,https://eldersign.jp/rankmatch?cmd=v&rk=6&v=73&se=13&t=1,https://eldersign.jp/rankmatch?cmd=v&rk=6&v=105&se=13&t=1,https://eldersign.jp/rankmatch?cmd=v&rk=6&v=137&se=13&t=1,https://eldersign.jp/rankmatch?cmd=v&rk=6&v=169&se=13&t=1,https://eldersign.jp/rankmatch?cmd=v&rk=6&v=201&se=13&t=1,https://eldersign.jp/rankmatch?cmd=v&rk=6&v=233&se=13&t=1,https://eldersign.jp/rankmatch?cmd=v&rk=6&v=265&se=13&t=1,https://eldersign.jp/rankmatch?cmd=v&rk=6&v=298&se=13&t=1,https://eldersign.jp/rankmatch?cmd=v&rk=6&v=299&se=13&t=1
ハイジ,J,9,ルサルカ姉,63,原,https://eldersign.jp/img/mi/g/f0/041_rusalka_0g7.png,アイスランス / ウィンターブラスト / スリートストーム / フラッド / ペイルムーン,HPブースト / クィックオーダー / ディレイオーダー / ミラージュ / 魔力ブースト,https://eldersign.jp/rankmatch?cmd=v&rk=6&v=9&se=13&t=1,https://eldersign.jp/rankmatch?cmd=v&rk=6&v=41&se=13&t=1,https://eldersign.jp/rankmatch?cmd=v&rk=6&v=105&se=13&t=1,https://eldersign.jp/rankmatch?cmd=v&rk=6&v=137&se=13&t=1,https://eldersign.jp/rankmatch?cmd=v&rk=6&v=169&se=13&t=1,https://eldersign.jp/rankmatch?cmd=v&rk=6&v=201&se=13&t=1,https://eldersign.jp/rankmatch?cmd=v&rk=6&v=233&se=13&t=1,https://eldersign.jp/rankmatch?cmd=v&rk=6&v=265&se=13&t=1,https://eldersign.jp/rankmatch?cmd=v&rk=6&v=299&se=13&t=1,,
ハイジ,J,3,グレちゃん,53,亜1,https://eldersign.jp/img/mi/g/f0/021_gremlin_1g4.png,アウェイクニング / アムネジア / ウィンドボルト / ファイアランス / 風葬,HPブースト / クィックオーダー / ハートオブオーシャン / 敏捷ブースト,https://eldersign.jp/rankmatch?cmd=v&rk=6&v=9&se=13&t=1,https://eldersign.jp/rankmatch?cmd=v&rk=6&v=73&se=13&t=1,https://eldersign.jp/rankmatch?cmd=v&rk=6&v=298&se=13&t=1,,,,,,,,
ハイジ,J,10,ルサルカ妹,51,原,https://eldersign.jp/img/mi/g/f0/041_rusalka_0g7.png,ウィンターブラスト / ファイアランス / フォグ / ペイルムーン / 光のベール,エンジェリックウィング / ディレイオーダー,https://eldersign.jp/rankmatch?cmd=v&rk=6&v=41&se=13&t=1,https://eldersign.jp/rankmatch?cmd=v&rk=6&v=73&se=13&t=1,https://eldersign.jp/rankmatch?cmd=v&rk=6&v=105&se=13&t=1,https://eldersign.jp/rankmatch?cmd=v&rk=6&v=137&se=13&t=1,https://eldersign.jp/rankmatch?cmd=v&rk=6&v=169&se=13&t=1,https://eldersign.jp/rankmatch?cmd=v&rk=6&v=201&se=13&t=1,https://eldersign.jp/rankmatch?cmd=v&rk=6&v=233&se=13&t=1,https://eldersign.jp/rankmatch?cmd=v&rk=6&v=265&se=13&t=1,https://eldersign.jp/rankmatch?cmd=v&rk=6&v=298&se=13&t=1,https://eldersign.jp/rankmatch?cmd=v&rk=6&v=299&se=13&t=1,
白,D,9,アークディスプレイサー,33,原,https://eldersign.jp/img/mi/g/f0/057_arch-displacers_0g1.png,テラーコール / ベノムスクラッチ / ペトロガス / ホロウワールド,ハートオブマーブル / 守りのミンネ / 戦いのエール,https://eldersign.jp/rankmatch?cmd=v&rk=6&v=3&se=13&t=1,https://eldersign.jp/rankmatch?cmd=v&rk=6&v=35&se=13&t=1,https://eldersign.jp/rankmatch?cmd=v&rk=6&v=67&se=13&t=1,https://eldersign.jp/rankmatch?cmd=v&rk=6&v=100&se=13&t=1,https://eldersign.jp/rankmatch?cmd=v&rk=6&v=102&se=13&t=1,https://eldersign.jp/rankmatch?cmd=v&rk=6&v=103&se=13&t=1,https://eldersign.jp/rankmatch?cmd=v&rk=6&v=104&se=13&t=1,https://eldersign.jp/rankmatch?cmd=v&rk=6&v=105&se=13&t=1,https://eldersign.jp/rankmatch?cmd=v&rk=6&v=107&se=13&t=1,,
白,D,3,青褐,58,亜2,https://eldersign.jp/img/mi/g/f0/029_wyvern_2g7.png,スキュアー / スパイクテイル / ダブルアタック / ランドスライド / 光の刻印,ミラージュ / リジェネレイト / リフレクション / 戦いのエール,https://eldersign.jp/rankmatch?cmd=v&rk=6&v=3&se=13&t=1,https://eldersign.jp/rankmatch?cmd=v&rk=6&v=101&se=13&t=1,https://eldersign.jp/rankmatch?cmd=v&rk=6&v=106&se=13&t=1,,,,,,,,
白,D,1,セイレン,39,亜2,https://eldersign.jp/img/mi/g/f0/024_seiren_2g4.png,アウェイクニング / ウィンドボルト / エルフショット / ヒーリング / 悪魔のトリル,リフレクション,https://eldersign.jp/rankmatch?cmd=v&rk=6&v=3&se=13&t=1,,,,,,,,,,
白,D,2,フォトケミ,13,原,https://eldersign.jp/img/mi/s/f0/032_mi-go_0g1.png,フォトケミカルスモッグ / ワインクラウド,リフレクション / 攻撃ブースト,https://eldersign.jp/rankmatch?cmd=v&rk=6&v=3&se=13&t=1,https://eldersign.jp/rankmatch?cmd=v&rk=6&v=101&se=13&t=1,,,,,,,,,
白,D,8,ダークヤング,39,原,https://eldersign.jp/img/mi/g/f0/055_dark-young_0g4.png,ガッシマ / スタンピード / チャージ / ヒカップ / ベノムスクラッチ / ペトロガス,リジェネレイト / リフレクション / 守りのミンネ / 戦いのエール,https://eldersign.jp/rankmatch?cmd=v&rk=6&v=35&se=13&t=1,https://eldersign.jp/rankmatch?cmd=v&rk=6&v=67&se=13&t=1,https://eldersign.jp/rankmatch?cmd=v&rk=6&v=100&se=13&t=1,https://eldersign.jp/rankmatch?cmd=v&rk=6&v=102&se=13&t=1,https://eldersign.jp/rankmatch?cmd=v&rk=6&v=103&se=13&t=1,https://eldersign.jp/rankmatch?cmd=v&rk=6&v=104&se=13&t=1,https://eldersign.jp/rankmatch?cmd=v&rk=6&v=105&se=13&t=1,https://eldersign.jp/rankmatch?cmd=v&rk=6&v=107&se=13&t=1,,,
白,D,8,サキュバス,37,原,https://eldersign.jp/img/mi/g/f0/043_succubus_0g4.png,アウェイクニング / エルフショット / テンプテイション / ヒーリング / 悪魔のトリル,ディレイオーダー / ハートオブマーブル / ミラージュ,https://eldersign.jp/rankmatch?cmd=v&rk=6&v=35&se=13&t=1,https://eldersign.jp/rankmatch?cmd=v&rk=6&v=67&se=13&t=1,https://eldersign.jp/rankmatch?cmd=v&rk=6&v=100&se=13&t=1,https://eldersign.jp/rankmatch?cmd=v&rk=6&v=102&se=13&t=1,https://eldersign.jp/rankmatch?cmd=v&rk=6&v=103&se=13&t=1,https://eldersign.jp/rankmatch?cmd=v&rk=6&v=104&se=13&t=1,https://eldersign.jp/rankmatch?cmd=v&rk=6&v=105&se=13&t=1,https://eldersign.jp/rankmatch?cmd=v&rk=6&v=107&se=13&t=1,,,
白,D,8,エアリエル,39,原,https://eldersign.jp/img/mi/g/f0/039_ariel_0g4.png,ウィンドボルト / セメタリーゲート / テンペスト / ヒーリング,クィックオーダー / 地味づくり / 守りのミンネ / 戦いのエール,https://eldersign.jp/rankmatch?cmd=v&rk=6&v=35&se=13&t=1,https://eldersign.jp/rankmatch?cmd=v&rk=6&v=67&se=13&t=1,https://eldersign.jp/rankmatch?cmd=v&rk=6&v=100&se=13&t=1,https://eldersign.jp/rankmatch?cmd=v&rk=6&v=102&se=13&t=1,https://eldersign.jp/rankmatch?cmd=v&rk=6&v=103&se=13&t=1,https://eldersign.jp/rankmatch?cmd=v&rk=6&v=104&se=13&t=1,https://eldersign.jp/rankmatch?cmd=v&rk=6&v=105&se=13&t=1,https://eldersign.jp/rankmatch?cmd=v&rk=6&v=107&se=13&t=1,,,
白,D,2,黄黒,55,亜1,https://eldersign.jp/img/mi/g/f0/029_wyvern_1g4.png,スパイクテイル / ダブルアタック / チャージ / ベノムスティング / ランドスライド,守りのミンネ / 戦いのエール,https://eldersign.jp/rankmatch?cmd=v&rk=6&v=101&se=13&t=1,https://eldersign.jp/rankmatch?cmd=v&rk=6&v=106&se=13&t=1,,,,,,,,,
白,D,1,シムルグ,38,原,https://eldersign.jp/img/mi/g/f0/046_simorgh_0g4.png,エーテルクラウド / カラカス / 光の楔 / 風葬,クィックオーダー / 地味づくり,https://eldersign.jp/rankmatch?cmd=v&rk=6&v=101&se=13&t=1,,,,,,,,,,
白,D,1,紅碧,44,亜1,https://eldersign.jp/img/mi/p/f0/050_silver-dragon_1g4.png,クルセイド / バーニングレイジ / 炎の刻印,クィックオーダー / 地味づくり,https://eldersign.jp/rankmatch?cmd=v&rk=6&v=106&se=13&t=1,,,,,,,,,,
白,D,1,グレムリン,27,亜2,https://eldersign.jp/img/mi/g/f0/021_gremlin_2g7.png,カラカス / クルセイド / 光の楔 / 闇の楔,心の棘 / 魔力ブースト,https://eldersign.jp/rankmatch?cmd=v&rk=6&v=106&se=13&t=1,,,,,,,,,,
ショーンマイケル,A,9,アンクー,70,原,https://eldersign.jp/img/mi/g/f0/044_ankou_0g7.png,アイスボール / デスサイズ / パンデミック / フラッシュフラッド,セントリー / ハートオブフレイム,https://eldersign.jp/rankmatch?cmd=v&rk=6&v=1&se=13&t=1,https://eldersign.jp/rankmatch?cmd=v&rk=6&v=2&se=13&t=1,https://eldersign.jp/rankmatch?cmd=v&rk=6&v=3&se=13&t=1,https://eldersign.jp/rankmatch?cmd=v&rk=6&v=4&se=13&t=1,https://eldersign.jp/rankmatch?cmd=v&rk=6&v=6&se=13&t=1,https://eldersign.jp/rankmatch?cmd=v&rk=6&v=7&se=13&t=1,https://eldersign.jp/rankmatch?cmd=v&rk=6&v=8&se=13&t=1,https://eldersign.jp/rankmatch?cmd=v&rk=6&v=10&se=13&t=1,https://eldersign.jp/rankmatch?cmd=v&rk=6&v=11&se=13&t=1,,
ショーンマイケル,A,9,グリマルキン,70,亜1,https://eldersign.jp/img/mi/g/f0/085_grimalkin_1g4.png,グリムシャドウ / ブラッドムーン / ポイズンクラウド,リジェネレイト,https://eldersign.jp/rankmatch?cmd=v&rk=6&v=1&se=13&t=1,https://eldersign.jp/rankmatch?cmd=v&rk=6&v=2&se=13&t=1,https://eldersign.jp/rankmatch?cmd=v&rk=6&v=3&se=13&t=1,https://eldersign.jp/rankmatch?cmd=v&rk=6&v=4&se=13&t=1,https://eldersign.jp/rankmatch?cmd=v&rk=6&v=6&se=13&t=1,https://eldersign.jp/rankmatch?cmd=v&rk=6&v=7&se=13&t=1,https://eldersign.jp/rankmatch?cmd=v&rk=6&v=8&se=13&t=1,https://eldersign.jp/rankmatch?cmd=v&rk=6&v=10&se=13&t=1,https://eldersign.jp/rankmatch?cmd=v&rk=6&v=11&se=13&t=1,,
ショーンマイケル,A,9,ケット・ビー,62,亜2,https://eldersign.jp/img/mi/g/f0/008_caitsith_2g4.png,エルフショット / コールドウェーブ / スロウ / パンデミック / フラッシュフラッド,HPブースト / クィックオーダー / セントリー,https://eldersign.jp/rankmatch?cmd=v&rk=6&v=1&se=13&t=1,https://eldersign.jp/rankmatch?cmd=v&rk=6&v=2&se=13&t=1,https://eldersign.jp/rankmatch?cmd=v&rk=6&v=3&se=13&t=1,https://eldersign.jp/rankmatch?cmd=v&rk=6&v=4&se=13&t=1,https://eldersign.jp/rankmatch?cmd=v&rk=6&v=6&se=13&t=1,https://eldersign.jp/rankmatch?cmd=v&rk=6&v=7&se=13&t=1,https://eldersign.jp/rankmatch?cmd=v&rk=6&v=8&se=13&t=1,https://eldersign.jp/rankmatch?cmd=v&rk=6&v=10&se=13&t=1,https://eldersign.jp/rankmatch?cmd=v&rk=6&v=11&se=13&t=1,,
ショーンマイケル,A,9,スノウ3,53,亜2,https://eldersign.jp/img/mi/g/f0/020_snow_2g4.png,コールドボルト / スノウストーム / スリートストーム / パンデミック / 氷の花,エンジェリックウィング / 敏捷ブースト,https://eldersign.jp/rankmatch?cmd=v&rk=6&v=1&se=13&t=1,https://eldersign.jp/rankmatch?cmd=v&rk=6&v=2&se=13&t=1,https://eldersign.jp/rankmatch?cmd=v&rk=6&v=3&se=13&t=1,https://eldersign.jp/rankmatch?cmd=v&rk=6&v=4&se=13&t=1,https://eldersign.jp/rankmatch?cmd=v&rk=6&v=6&se=13&t=1,https://eldersign.jp/rankmatch?cmd=v&rk=6&v=7&se=13&t=1,https://eldersign.jp/rankmatch?cmd=v&rk=6&v=8&se=13&t=1,https://eldersign.jp/rankmatch?cmd=v&rk=6&v=10&se=13&t=1,https://eldersign.jp/rankmatch?cmd=v&rk=6&v=11&se=13&t=1,,
ショーンマイケル,A,1,グリフィン,47,亜2,https://eldersign.jp/img/mi/s/f0/018_griffin_2g7.png,アーマーメルト / ファイアボール / 超低周波,ビーストクッキー,https://eldersign.jp/rankmatch?cmd=v&rk=6&v=5&se=13&t=1,,,,,,,,,,
ショーンマイケル,A,1,ケット・シー,66,亜1,https://eldersign.jp/img/mi/g/f0/008_caitsith_1g7.png,ブラッドスティール / ペイルムーン,フェアリークッキー,https://eldersign.jp/rankmatch?cmd=v&rk=6&v=5&se=13&t=1,,,,,,,,,,
ショーンマイケル,A,1,ヤン・ガン・イ・タン,62,原,https://eldersign.jp/img/mi/g/f0/007_yan-gant-y-tan_0g7.png,ファイアストーム / ファイアブレス,フェアリークッキー,https://eldersign.jp/rankmatch?cmd=v&rk=6&v=5&se=13&t=1,,,,,,,,,,
ショーンマイケル,A,2,ユニコーン,56,亜1,https://eldersign.jp/img/mi/s/f0/011_unicorn_1g7.png,ダークボルト / ヒーリング / ファイアボール / ロストフォーチュン,ビーストクッキー,https://eldersign.jp/rankmatch?cmd=v&rk=6&v=5&se=13&t=1,https://eldersign.jp/rankmatch?cmd=v&rk=6&v=9&se=13&t=1,,,,,,,,,
ショーンマイケル,A,1,スノウ1,55,原,https://eldersign.jp/img/mi/g/f0/020_snow_0g7.png,エルフショット / 氷の花,フェアリークッキー,https://eldersign.jp/rankmatch?cmd=v&rk=6&v=9&se=13&t=1,,,,,,,,,,
ショーンマイケル,A,1,モーラ,60,原,https://eldersign.jp/img/mi/g/f0/022_mora_0g7.png,ペイルムーン / リベレイション,フェアリークッキー,https://eldersign.jp/rankmatch?cmd=v&rk=6&v=9&se=13&t=1,,,,,,,,,,
ショーンマイケル,A,1,グレムリン,39,亜2,https://eldersign.jp/img/mi/g/f0/021_gremlin_2g7.png,ヒーリングウィンド / フサリア,フェアリークッキー,https://eldersign.jp/rankmatch?cmd=v&rk=6&v=9&se=13&t=1,,,,,,,,,,
pmg,L,11,ガッシムレッド,63,原,https://eldersign.jp/img/mi/g/f0/055_dark-young_0g4.png,まさぐり / ガッシマ / チャージ / ベノムスクラッチ / ペトロガス,カウンター / リジェネレイト / 守りのミンネ / 戦いのエール,https://eldersign.jp/rankmatch?cmd=v&rk=6&v=11&se=13&t=1,https://eldersign.jp/rankmatch?cmd=v&rk=6&v=43&se=13&t=1,https://eldersign.jp/rankmatch?cmd=v&rk=6&v=75&se=13&t=1,https://eldersign.jp/rankmatch?cmd=v&rk=6&v=107&se=13&t=1,https://eldersign.jp/rankmatch?cmd=v&rk=6&v=139&se=13&t=1,https://eldersign.jp/rankmatch?cmd=v&rk=6&v=171&se=13&t=1,https://eldersign.jp/rankmatch?cmd=v&rk=6&v=203&se=13&t=1,https://eldersign.jp/rankmatch?cmd=v&rk=6&v=235&se=13&t=1,https://eldersign.jp/rankmatch?cmd=v&rk=6&v=267&se=13&t=1,https://eldersign.jp/rankmatch?cmd=v&rk=6&v=299&se=13&t=1,https://eldersign.jp/rankmatch?cmd=v&rk=6&v=331&se=13&t=1
pmg,L,11,ガッシムブルー,60,原,https://eldersign.jp/img/mi/g/f0/055_dark-young_0g4.png,ガッシマ / スタンピード / チャージ / バインドグラスプ / ペトロガス,カウンター / リフレクション / 守りのミンネ / 戦いのエール / 敏捷ブースト,https://eldersign.jp/rankmatch?cmd=v&rk=6&v=11&se=13&t=1,https://eldersign.jp/rankmatch?cmd=v&rk=6&v=43&se=13&t=1,https://eldersign.jp/rankmatch?cmd=v&rk=6&v=75&se=13&t=1,https://eldersign.jp/rankmatch?cmd=v&rk=6&v=107&se=13&t=1,https://eldersign.jp/rankmatch?cmd=v&rk=6&v=139&se=13&t=1,https://eldersign.jp/rankmatch?cmd=v&rk=6&v=171&se=13&t=1,https://eldersign.jp/rankmatch?cmd=v&rk=6&v=203&se=13&t=1,https://eldersign.jp/rankmatch?cmd=v&rk=6&v=235&se=13&t=1,https://eldersign.jp/rankmatch?cmd=v&rk=6&v=267&se=13&t=1,https://eldersign.jp/rankmatch?cmd=v&rk=6&v=299&se=13&t=1,https://eldersign.jp/rankmatch?cmd=v&rk=6&v=331&se=13&t=1
pmg,L,2,エアリエル,44,原,https://eldersign.jp/img/mi/g/f0/039_ariel_0g4.png,ウィンドボルト / セメタリーゲート / ダブルアタック / テンペスト,守りのミンネ / 戦いのエール / 魔力ブースト,https://eldersign.jp/rankmatch?cmd=v&rk=6&v=11&se=13&t=1,https://eldersign.jp/rankmatch?cmd=v&rk=6&v=43&se=13&t=1,,,,,,,,,
pmg,L,10,長官,55,原,https://eldersign.jp/img/mi/g/f0/051_old-one_0g4.png,エルフショット / テンプテイション / フサリア / ミラーズ / 光のベール,レジストスリープ / 敏捷ブースト,https://eldersign.jp/rankmatch?cmd=v&rk=6&v=43&se=13&t=1,https://eldersign.jp/rankmatch?cmd=v&rk=6&v=75&se=13&t=1,https://eldersign.jp/rankmatch?cmd=v&rk=6&v=107&se=13&t=1,https://eldersign.jp/rankmatch?cmd=v&rk=6&v=139&se=13&t=1,https://eldersign.jp/rankmatch?cmd=v&rk=6&v=171&se=13&t=1,https://eldersign.jp/rankmatch?cmd=v&rk=6&v=203&se=13&t=1,https://eldersign.jp/rankmatch?cmd=v&rk=6&v=235&se=13&t=1,https://eldersign.jp/rankmatch?cmd=v&rk=6&v=267&se=13&t=1,https://eldersign.jp/rankmatch?cmd=v&rk=6&v=299&se=13&t=1,https://eldersign.jp/rankmatch?cmd=v&rk=6&v=331&se=13&t=1,
pmg,L,9,ガッシムイエロー,57,原,https://eldersign.jp/img/mi/g/f0/055_dark-young_0g4.png,アンブッシュ / フサリア / ルビーライト / 光のベール / 火葬,セントリー / ミラージュ / 魔力ブースト,https://eldersign.jp/rankmatch?cmd=v&rk=6&v=75&se=13&t=1,https://eldersign.jp/rankmatch?cmd=v&rk=6&v=107&se=13&t=1,https://eldersign.jp/rankmatch?cmd=v&rk=6&v=139&se=13&t=1,https://eldersign.jp/rankmatch?cmd=v&rk=6&v=171&se=13&t=1,https://eldersign.jp/rankmatch?cmd=v&rk=6&v=203&se=13&t=1,https://eldersign.jp/rankmatch?cmd=v&rk=6&v=235&se=13&t=1,https://eldersign.jp/rankmatch?cmd=v&rk=6&v=267&se=13&t=1,https://eldersign.jp/rankmatch?cmd=v&rk=6&v=299&se=13&t=1,https://eldersign.jp/rankmatch?cmd=v&rk=6&v=331&se=13&t=1,,
☆新九郎☆,E,2,アルルーナ,42,原,https://eldersign.jp/img/mi/g/f0/040_alrunes_0g4.png,エンジェルダスト / グリムシャドウ / トランキリティ / ブラッドスティール,エンジェリックウィング / リジェネレイト,https://eldersign.jp/rankmatch?cmd=v&rk=6&v=4&se=13&t=1,https://eldersign.jp/rankmatch?cmd=v&rk=6&v=68&se=13&t=1,,,,,,,,,
☆新九郎☆,E,2,スキュラ,53,原,https://eldersign.jp/img/mi/g/f0/023_scylla_0g7.png,アイスランス / バインドグラスプ / ヒーリング / 氷の刻印,ミラージュ / 命中ブースト,https://eldersign.jp/rankmatch?cmd=v&rk=6&v=4&se=13&t=1,https://eldersign.jp/rankmatch?cmd=v&rk=6&v=68&se=13&t=1,,,,,,,,,
☆新九郎☆,E,7,サキュバス,40,原,https://eldersign.jp/img/mi/g/f0/043_succubus_0g4.png,アムネジア / サクション / シュリンク / ダークボルト / テンプテイション / 超低周波,コールドアシスト / ミラージュ / リフレクション / 命中ブースト / 魔力ブースト,https://eldersign.jp/rankmatch?cmd=v&rk=6&v=4&se=13&t=1,https://eldersign.jp/rankmatch?cmd=v&rk=6&v=68&se=13&t=1,https://eldersign.jp/rankmatch?cmd=v&rk=6&v=100&se=13&t=1,https://eldersign.jp/rankmatch?cmd=v&rk=6&v=133&se=13&t=1,https://eldersign.jp/rankmatch?cmd=v&rk=6&v=134&se=13&t=1,https://eldersign.jp/rankmatch?cmd=v&rk=6&v=135&se=13&t=1,https://eldersign.jp/rankmatch?cmd=v&rk=6&v=136&se=13&t=1,,,,
☆新九郎☆,E,2,エアリエル,38,原,https://eldersign.jp/img/mi/g/f0/039_ariel_0g7.png,グリムシャドウ / ストームワーニング / テンペスト / トライデント,リジェネレイト,https://eldersign.jp/rankmatch?cmd=v&rk=6&v=4&se=13&t=1,https://eldersign.jp/rankmatch?cmd=v&rk=6&v=68&se=13&t=1,,,,,,,,,
☆新九郎☆,E,5,ブラスドラゴン (1),49,原,https://eldersign.jp/img/mi/g/f0/049_brass-dragon_0g4.png,ダブルアタック / チャージ / ドラゴンスケイル / ハードブロウ / ファイアブレス / 魔性の囁き,エンジェリックウィング / リジェネレイト,https://eldersign.jp/rankmatch?cmd=v&rk=6&v=36&se=13&t=1,https://eldersign.jp/rankmatch?cmd=v&rk=6&v=100&se=13&t=1,https://eldersign.jp/rankmatch?cmd=v&rk=6&v=134&se=13&t=1,https://eldersign.jp/rankmatch?cmd=v&rk=6&v=136&se=13&t=1,https://eldersign.jp/rankmatch?cmd=v&rk=6&v=137&se=13&t=1,,,,,,
☆新九郎☆,E,1,ブラスドラゴン (2),32,原,https://eldersign.jp/img/mi/g/f0/049_brass-dragon_0g7.png,インクリーズ / 超低周波,HPブースト / クィックオーダー,https://eldersign.jp/rankmatch?cmd=v&rk=6&v=139&se=13&t=1,,,,,,,,,,
☆新九郎☆,E,5,ハイドラ,50,原,https://eldersign.jp/img/mi/g/f0/048_hydra_0g4.png,ダブルアタック / チャージ / ハードブロウ / ヒーリング / ベノムスティング / ラーヴァフロウ / 誘い受け,エンジェリックウィング / ハートオブマーブル / ミラージュ,https://eldersign.jp/rankmatch?cmd=v&rk=6&v=36&se=13&t=1,https://eldersign.jp/rankmatch?cmd=v&rk=6&v=133&se=13&t=1,https://eldersign.jp/rankmatch?cmd=v&rk=6&v=134&se=13&t=1,https://eldersign.jp/rankmatch?cmd=v&rk=6&v=135&se=13&t=1,https://eldersign.jp/rankmatch?cmd=v&rk=6&v=136&se=13&t=1,,,,,,
☆新九郎☆,E,1,モーラ,35,亜2,https://eldersign.jp/img/mi/g/f0/022_mora_2g4.png,ペイルムーン / リベレイション,ミラージュ / 命中ブースト,https://eldersign.jp/rankmatch?cmd=v&rk=6&v=36&se=13&t=1,,,,,,,,,,
☆新九郎☆,E,3,アンクー,40,原,https://eldersign.jp/img/mi/g/f0/044_ankou_0g4.png,デスサイズ / パンデミック / ヒーリング / ベノムスクラッチ,コールドアシスト / リフレクション / 攻撃ブースト,https://eldersign.jp/rankmatch?cmd=v&rk=6&v=36&se=13&t=1,https://eldersign.jp/rankmatch?cmd=v&rk=6&v=133&se=13&t=1,https://eldersign.jp/rankmatch?cmd=v&rk=6&v=135&se=13&t=1,,,,,,,,
☆新九郎☆,E,4,スノウ,64,亜2,https://eldersign.jp/img/mi/g/f0/020_snow_2g7.png,アイスボール / スノウストーム / スリートストーム / ヒーリング / 氷の花,コールドアシスト / リフレクション,https://eldersign.jp/rankmatch?cmd=v&rk=6&v=100&se=13&t=1,https://eldersign.jp/rankmatch?cmd=v&rk=6&v=134&se=13&t=1,https://eldersign.jp/rankmatch?cmd=v&rk=6&v=136&se=13&t=1,https://eldersign.jp/rankmatch?cmd=v&rk=6&v=137&se=13&t=1,,,,,,,
☆新九郎☆,E,2,クン・アヌン,41,亜2,https://eldersign.jp/img/mi/g/f0/026_cwn-annwn_2g4.png,クルセイド / グリムシャドウ / バーニングレイジ / フサリア,ミラージュ / レジストポイズン / 命中ブースト,https://eldersign.jp/rankmatch?cmd=v&rk=6&v=137&se=13&t=1,https://eldersign.jp/rankmatch?cmd=v&rk=6&v=139&se=13&t=1,,,,,,,,,
☆新九郎☆,E,1,ドール,29,原,https://eldersign.jp/img/mi/g/f0/056_dhole_0g7.png,アースクェイク / カロウシブスピット / ランドスライド / 踏みつけ,レジストポイズン,https://eldersign.jp/rankmatch?cmd=v&rk=6&v=138&se=13&t=1,,,,,,,,,,
☆新九郎☆,E,1,ワイバーン,39,亜1,https://eldersign.jp/img/mi/g/f0/029_wyvern_1g4.png,ベノムスティング,セントリー,https://eldersign.jp/rankmatch?cmd=v&rk=6&v=138&se=13&t=1,,,,,,,,,,
☆新九郎☆,E,1,パズズ,27,原,https://eldersign.jp/img/mi/g/f0/045_pazuzu_0g7.png,チャージ / デルタスラッシュ / ベノムスティング / ローカストスウォーム,守りのミンネ / 戦いのエール,https://eldersign.jp/rankmatch?cmd=v&rk=6&v=138&se=13&t=1,,,,,,,,,,
☆新九郎☆,E,1,セイレン,42,亜1,https://eldersign.jp/img/mi/g/f0/024_seiren_1g4.png,アウェイクニング / ワインクラウド / 悪魔のトリル,敏捷ブースト / 魔力ブースト,https://eldersign.jp/rankmatch?cmd=v&rk=6&v=138&se=13&t=1,,,,,,,,,,
☆新九郎☆,E,1,ダークヤング,31,原,https://eldersign.jp/img/mi/g/f0/055_dark-young_0g4.png,インクリーズ,エンジェリックウィング / セントリー,https://eldersign.jp/rankmatch?cmd=v&rk=6&v=139&se=13&t=1,,,,,,,,,,
☆新九郎☆,E,1,トレント,20,亜1,https://eldersign.jp/img/mi/g/f0/089_treant_1g4.png,リフレッシュフィールド / ルビーライト,レジストシール,https://eldersign.jp/rankmatch?cmd=v&rk=6&v=139&se=13&t=1,,,,,,,,,,
やなぎかぜ,I,11,ワイバーン,48,亜1,https://eldersign.jp/img/mi/g/f0/029_wyvern_1g4.png,スパイクテイル / ダブルアタック / チャージ / デルタスラッシュ / ベノムスティング,防火布,https://eldersign.jp/rankmatch?cmd=v&rk=6&v=8&se=13&t=1,https://eldersign.jp/rankmatch?cmd=v&rk=6&v=40&se=13&t=1,https://eldersign.jp/rankmatch?cmd=v&rk=6&v=72&se=13&t=1,https://eldersign.jp/rankmatch?cmd=v&rk=6&v=104&se=13&t=1,https://eldersign.jp/rankmatch?cmd=v&rk=6&v=136&se=13&t=1,https://eldersign.jp/rankmatch?cmd=v&rk=6&v=168&se=13&t=1,https://eldersign.jp/rankmatch?cmd=v&rk=6&v=200&se=13&t=1,https://eldersign.jp/rankmatch?cmd=v&rk=6&v=232&se=13&t=1,https://eldersign.jp/rankmatch?cmd=v&rk=6&v=265&se=13&t=1,https://eldersign.jp/rankmatch?cmd=v&rk=6&v=266&se=13&t=1,https://eldersign.jp/rankmatch?cmd=v&rk=6&v=267&se=13&t=1
やなぎかぜ,I,11,ドール,41,亜2,https://eldersign.jp/img/mi/p/f0/056_dhole_2g4.png,アースクェイク / テラーコール / バインドグラスプ / ファストストライク / ベノムスティング,守りのミンネ / 攻撃ブースト,https://eldersign.jp/rankmatch?cmd=v&rk=6&v=8&se=13&t=1,https://eldersign.jp/rankmatch?cmd=v&rk=6&v=40&se=13&t=1,https://eldersign.jp/rankmatch?cmd=v&rk=6&v=72&se=13&t=1,https://eldersign.jp/rankmatch?cmd=v&rk=6&v=104&se=13&t=1,https://eldersign.jp/rankmatch?cmd=v&rk=6&v=136&se=13&t=1,https://eldersign.jp/rankmatch?cmd=v&rk=6&v=168&se=13&t=1,https://eldersign.jp/rankmatch?cmd=v&rk=6&v=200&se=13&t=1,https://eldersign.jp/rankmatch?cmd=v&rk=6&v=232&se=13&t=1,https://eldersign.jp/rankmatch?cmd=v&rk=6&v=265&se=13&t=1,https://eldersign.jp/rankmatch?cmd=v&rk=6&v=266&se=13&t=1,https://eldersign.jp/rankmatch?cmd=v&rk=6&v=267&se=13&t=1
やなぎかぜ,I,11,F.S.M.,42,原,https://eldersign.jp/img/mi/g/f0/053_fsm_0g4.png,ウィンドボルト / エルフショット / コールドボルト / ハスタリーザ,命中ブースト / 攻撃ブースト,https://eldersign.jp/rankmatch?cmd=v&rk=6&v=8&se=13&t=1,https://eldersign.jp/rankmatch?cmd=v&rk=6&v=40&se=13&t=1,https://eldersign.jp/rankmatch?cmd=v&rk=6&v=72&se=13&t=1,https://eldersign.jp/rankmatch?cmd=v&rk=6&v=104&se=13&t=1,https://eldersign.jp/rankmatch?cmd=v&rk=6&v=136&se=13&t=1,https://eldersign.jp/rankmatch?cmd=v&rk=6&v=168&se=13&t=1,https://eldersign.jp/rankmatch?cmd=v&rk=6&v=200&se=13&t=1,https://eldersign.jp/rankmatch?cmd=v&rk=6&v=232&se=13&t=1,https://eldersign.jp/rankmatch?cmd=v&rk=6&v=265&se=13&t=1,https://eldersign.jp/rankmatch?cmd=v&rk=6&v=266&se=13&t=1,https://eldersign.jp/rankmatch?cmd=v&rk=6&v=267&se=13&t=1
やなぎかぜ,I,11,グレムリン,36,亜1,https://eldersign.jp/img/mi/g/f0/021_gremlin_1g4.png,ウィンドボルト / ストーン / ヒーリング / 光の楔 / 風葬,守りのミンネ / 戦いのエール,https://eldersign.jp/rankmatch?cmd=v&rk=6&v=8&se=13&t=1,https://eldersign.jp/rankmatch?cmd=v&rk=6&v=40&se=13&t=1,https://eldersign.jp/rankmatch?cmd=v&rk=6&v=72&se=13&t=1,https://eldersign.jp/rankmatch?cmd=v&rk=6&v=104&se=13&t=1,https://eldersign.jp/rankmatch?cmd=v&rk=6&v=136&se=13&t=1,https://eldersign.jp/rankmatch?cmd=v&rk=6&v=168&se=13&t=1,https://eldersign.jp/rankmatch?cmd=v&rk=6&v=200&se=13&t=1,https://eldersign.jp/rankmatch?cmd=v&rk=6&v=232&se=13&t=1,https://eldersign.jp/rankmatch?cmd=v&rk=6&v=265&se=13&t=1,https://eldersign.jp/rankmatch?cmd=v&rk=6&v=266&se=13&t=1,https://eldersign.jp/rankmatch?cmd=v&rk=6&v=267&se=13&t=1
savekimo,H,3,ティンダロスハウンド,38,原,https://eldersign.jp/img/mi/g/f0/054_hounds-of-tindalos_0g4.png,アムネジア / チャージ / テラーコール / フェイズアウト / ルルハラント,レジストバインド / レジストフィアー,https://eldersign.jp/rankmatch?cmd=v&rk=6&v=7&se=13&t=1,https://eldersign.jp/rankmatch?cmd=v&rk=6&v=103&se=13&t=1,https://eldersign.jp/rankmatch?cmd=v&rk=6&v=135&se=13&t=1,,,,,,,,
savekimo,H,3,覚醒,31,原,https://eldersign.jp/img/mi/g/f0/055_dark-young_0g1.png,ガッシマ / ニグラーヌ,レジストバインド / レジストフィアー,https://eldersign.jp/rankmatch?cmd=v&rk=6&v=7&se=13&t=1,https://eldersign.jp/rankmatch?cmd=v&rk=6&v=103&se=13&t=1,https://eldersign.jp/rankmatch?cmd=v&rk=6&v=135&se=13&t=1,,,,,,,,
savekimo,H,2,バーニングレイジ,44,原,https://eldersign.jp/img/mi/s/f0/026_cwn-annwn_0g4.png,バーニングレイジ / ファイアランス,フレイムアシスト / フレイムバリア / レジストペトリ / 魔力ブースト,https://eldersign.jp/rankmatch?cmd=v&rk=6&v=7&se=13&t=1,https://eldersign.jp/rankmatch?cmd=v&rk=6&v=103&se=13&t=1,,,,,,,,,
savekimo,H,2,エアリエル,11,原,https://eldersign.jp/img/mi/g/f0/039_ariel_0g1.png,テンペスト,ディレイオーダー / レジストペトリ / 魔力ブースト,https://eldersign.jp/rankmatch?cmd=v&rk=6&v=7&se=13&t=1,https://eldersign.jp/rankmatch?cmd=v&rk=6&v=103&se=13&t=1,,,,,,,,,
savekimo,H,4,HP特化サキュバス,42,原,https://eldersign.jp/img/mi/g/f0/043_succubus_0g7.png,グリムシャドウ / コールドボルト / テンプテイション / ヒーリング / 悪魔のトリル,フレイムアシスト / フレイムバリア / 命中ブースト / 心の棘,https://eldersign.jp/rankmatch?cmd=v&rk=6&v=39&se=13&t=1,https://eldersign.jp/rankmatch?cmd=v&rk=6&v=167&se=13&t=1,https://eldersign.jp/rankmatch?cmd=v&rk=6&v=232&se=13&t=1,https://eldersign.jp/rankmatch?cmd=v&rk=6&v=234&se=13&t=1,,,,,,,
savekimo,H,5,覚醒済,50,亜1,https://eldersign.jp/img/mi/g/f0/021_gremlin_1g4.png,ヒーリング / フォトケミカルスモッグ / 光の楔 / 闇の刻印 / 風葬,レジストスリープ / レジストフィアー / 守りのミンネ / 防寒布 / 防火布,https://eldersign.jp/rankmatch?cmd=v&rk=6&v=39&se=13&t=1,https://eldersign.jp/rankmatch?cmd=v&rk=6&v=71&se=13&t=1,https://eldersign.jp/rankmatch?cmd=v&rk=6&v=232&se=13&t=1,https://eldersign.jp/rankmatch?cmd=v&rk=6&v=233&se=13&t=1,https://eldersign.jp/rankmatch?cmd=v&rk=6&v=235&se=13&t=1,,,,,,
savekimo,H,2,ドール,24,原,https://eldersign.jp/img/mi/g/f0/056_dhole_0g1.png,アースクェイク,命中ブースト / 心の棘,https://eldersign.jp/rankmatch?cmd=v&rk=6&v=39&se=13&t=1,https://eldersign.jp/rankmatch?cmd=v&rk=6&v=135&se=13&t=1,,,,,,,,,
savekimo,H,4,ウルタールの猫,50,原,https://eldersign.jp/img/mi/s/f0/065_cats-of-ulthar_0g4.png,ヒーリング / フライト / ルビーライト / 光のベール / 月光浴,エンジェリックウィング / ディレイオーダー,https://eldersign.jp/rankmatch?cmd=v&rk=6&v=39&se=13&t=1,https://eldersign.jp/rankmatch?cmd=v&rk=6&v=233&se=13&t=1,https://eldersign.jp/rankmatch?cmd=v&rk=6&v=234&se=13&t=1,https://eldersign.jp/rankmatch?cmd=v&rk=6&v=235&se=13&t=1,,,,,,,
savekimo,H,1,ア・ドライグ・ゴッホ,2,原,https://eldersign.jp/img/mi/g/f0/071_y-ddraig-goch_0g4.png,ブレイズ,ハートオブウィンド,https://eldersign.jp/rankmatch?cmd=v&rk=6&v=71&se=13&t=1,,,,,,,,,,
savekimo,H,5,パズズ,58,原,https://eldersign.jp/img/mi/g/f0/045_pazuzu_0g7.png,スウィング / ダブルアタック / チャージ / デルタスラッシュ / 光の刻印,ハートオブウィンド / フレイムアシスト / フレイムバリア / 戦いのエール / 攻撃ブースト,https://eldersign.jp/rankmatch?cmd=v&rk=6&v=71&se=13&t=1,https://eldersign.jp/rankmatch?cmd=v&rk=6&v=167&se=13&t=1,https://eldersign.jp/rankmatch?cmd=v&rk=6&v=199&se=13&t=1,https://eldersign.jp/rankmatch?cmd=v&rk=6&v=232&se=13&t=1,https://eldersign.jp/rankmatch?cmd=v&rk=6&v=234&se=13&t=1,,,,,,
savekimo,H,5,ペリ,51,原,https://eldersign.jp/img/mi/g/f0/042_peri_0g4.png,アイスボール / アイスランス / コールドボルト / ダルネス / ヒーリング,コールドアシスト / コールドバリア / レジストシック / レジストスリープ,https://eldersign.jp/rankmatch?cmd=v&rk=6&v=71&se=13&t=1,https://eldersign.jp/rankmatch?cmd=v&rk=6&v=167&se=13&t=1,https://eldersign.jp/rankmatch?cmd=v&rk=6&v=199&se=13&t=1,https://eldersign.jp/rankmatch?cmd=v&rk=6&v=232&se=13&t=1,https://eldersign.jp/rankmatch?cmd=v&rk=6&v=234&se=13&t=1,,,,,,
savekimo,H,3,シルバードラゴン,47,原,https://eldersign.jp/img/mi/g/f0/050_silver-dragon_0g4.png,アイスブレス / ファイアボルト / ファイアランス / フサリア / リヴァイヴ,フレイムアシスト / フレイムバリア / レジストペトリ / 魔力ブースト,https://eldersign.jp/rankmatch?cmd=v&rk=6&v=135&se=13&t=1,https://eldersign.jp/rankmatch?cmd=v&rk=6&v=167&se=13&t=1,https://eldersign.jp/rankmatch?cmd=v&rk=6&v=199&se=13&t=1,,,,,,,,
savekimo,H,3,ハイドラ,68,原,https://eldersign.jp/img/mi/g/f0/048_hydra_0g4.png,スウィング / ダブルアタック / チャージ / ハードブロウ / ラーヴァフロウ / 光の刻印,フレイムアシスト / フレイムバリア / 戦いのエール,https://eldersign.jp/rankmatch?cmd=v&rk=6&v=199&se=13&t=1,https://eldersign.jp/rankmatch?cmd=v&rk=6&v=233&se=13&t=1,https://eldersign.jp/rankmatch?cmd=v&rk=6&v=235&se=13&t=1,,,,,,,,
赤い酒,G,11,シルバードラゴン,48,原,https://eldersign.jp/img/mi/g/f0/050_silver-dragon_0g7.png,アイスブレス / グリムシャドウ / デルタスラッシュ / ブリザード / ローカストスウォーム,命中ブースト / 守りのミンネ,https://eldersign.jp/rankmatch?cmd=v&rk=6&v=6&se=13&t=1,https://eldersign.jp/rankmatch?cmd=v&rk=6&v=38&se=13&t=1,https://eldersign.jp/rankmatch?cmd=v&rk=6&v=70&se=13&t=1,https://eldersign.jp/rankmatch?cmd=v&rk=6&v=102&se=13&t=1,https://eldersign.jp/rankmatch?cmd=v&rk=6&v=134&se=13&t=1,https://eldersign.jp/rankmatch?cmd=v&rk=6&v=166&se=13&t=1,https://eldersign.jp/rankmatch?cmd=v&rk=6&v=199&se=13&t=1,https://eldersign.jp/rankmatch?cmd=v&rk=6&v=200&se=13&t=1,https://eldersign.jp/rankmatch?cmd=v&rk=6&v=201&se=13&t=1,https://eldersign.jp/rankmatch?cmd=v&rk=6&v=202&se=13&t=1,https://eldersign.jp/rankmatch?cmd=v&rk=6&v=203&se=13&t=1
赤い酒,G,11,パズズ,50,亜2,https://eldersign.jp/img/mi/p/f0/045_pazuzu_2g4.png,デルタスラッシュ / ドラゴニックロア / ハイドアウト / ローカストスウォーム / 光の楔,ミラージュ / リジェネレイト,https://eldersign.jp/rankmatch?cmd=v&rk=6&v=6&se=13&t=1,https://eldersign.jp/rankmatch?cmd=v&rk=6&v=38&se=13&t=1,https://eldersign.jp/rankmatch?cmd=v&rk=6&v=70&se=13&t=1,https://eldersign.jp/rankmatch?cmd=v&rk=6&v=102&se=13&t=1,https://eldersign.jp/rankmatch?cmd=v&rk=6&v=134&se=13&t=1,https://eldersign.jp/rankmatch?cmd=v&rk=6&v=166&se=13&t=1,https://eldersign.jp/rankmatch?cmd=v&rk=6&v=199&se=13&t=1,https://eldersign.jp/rankmatch?cmd=v&rk=6&v=200&se=13&t=1,https://eldersign.jp/rankmatch?cmd=v&rk=6&v=201&se=13&t=1,https://eldersign.jp/rankmatch?cmd=v&rk=6&v=202&se=13&t=1,https://eldersign.jp/rankmatch?cmd=v&rk=6&v=203&se=13&t=1
赤い酒,G,7,スキュラ,42,亜2,https://eldersign.jp/img/mi/g/f0/023_scylla_2g4.png,アイスランス / バインドグラスプ / ベノムスティング / 光のベール,リフレクション / 魔力ブースト,https://eldersign.jp/rankmatch?cmd=v&rk=6&v=6&se=13&t=1,https://eldersign.jp/rankmatch?cmd=v&rk=6&v=70&se=13&t=1,https://eldersign.jp/rankmatch?cmd=v&rk=6&v=134&se=13&t=1,https://eldersign.jp/rankmatch?cmd=v&rk=6&v=199&se=13&t=1,https://eldersign.jp/rankmatch?cmd=v&rk=6&v=200&se=13&t=1,https://eldersign.jp/rankmatch?cmd=v&rk=6&v=201&se=13&t=1,https://eldersign.jp/rankmatch?cmd=v&rk=6&v=203&se=13&t=1,,,,
赤い酒,G,7,フラーユ,35,原,https://eldersign.jp/img/mi/p/f0/058_floweyu_0g1.png,ジャベリン / スリートストーム / ハイドアウト / 春の雨 / 桜花泡影,敏捷ブースト / 防御ブースト,https://eldersign.jp/rankmatch?cmd=v&rk=6&v=6&se=13&t=1,https://eldersign.jp/rankmatch?cmd=v&rk=6&v=70&se=13&t=1,https://eldersign.jp/rankmatch?cmd=v&rk=6&v=134&se=13&t=1,https://eldersign.jp/rankmatch?cmd=v&rk=6&v=199&se=13&t=1,https://eldersign.jp/rankmatch?cmd=v&rk=6&v=200&se=13&t=1,https://eldersign.jp/rankmatch?cmd=v&rk=6&v=201&se=13&t=1,https://eldersign.jp/rankmatch?cmd=v&rk=6&v=203&se=13&t=1,,,,
赤い酒,G,4,ドール,40,亜1,https://eldersign.jp/img/mi/p/f0/056_dhole_1g1.png,イボニーシード / カロウシブスピット / ダルバドーハ / 光の楔,リフレクション / 魔力ブースト,https://eldersign.jp/rankmatch?cmd=v&rk=6&v=38&se=13&t=1,https://eldersign.jp/rankmatch?cmd=v&rk=6&v=102&se=13&t=1,https://eldersign.jp/rankmatch?cmd=v&rk=6&v=166&se=13&t=1,https://eldersign.jp/rankmatch?cmd=v&rk=6&v=202&se=13&t=1,,,,,,,
赤い酒,G,4,オールドワン,34,亜1,https://eldersign.jp/img/mi/p/f0/051_old-one_1g4.png,テラーコール / ユロール / ワインクラウド,敏捷ブースト / 防御ブースト,https://eldersign.jp/rankmatch?cmd=v&rk=6&v=38&se=13&t=1,https://eldersign.jp/rankmatch?cmd=v&rk=6&v=102&se=13&t=1,https://eldersign.jp/rankmatch?cmd=v&rk=6&v=166&se=13&t=1,https://eldersign.jp/rankmatch?cmd=v&rk=6&v=202&se=13&t=1,,,,,,,
覚者ロイ,C,6,パズズ,52,原,https://eldersign.jp/img/mi/g/f0/045_pazuzu_0g4.png,チャージ / デルタスラッシュ / ラーヴァフロウ,心の壁 / 戦いのエール,https://eldersign.jp/rankmatch?cmd=v&rk=6&v=2&se=13&t=1,https://eldersign.jp/rankmatch?cmd=v&rk=6&v=68&se=13&t=1,https://eldersign.jp/rankmatch?cmd=v&rk=6&v=70&se=13&t=1,https://eldersign.jp/rankmatch?cmd=v&rk=6&v=72&se=13&t=1,https://eldersign.jp/rankmatch?cmd=v&rk=6&v=73&se=13&t=1,https://eldersign.jp/rankmatch?cmd=v&rk=6&v=75&se=13&t=1,,,,,
覚者ロイ,C,6,ハイドラ,44,亜2,https://eldersign.jp/img/mi/p/f0/048_hydra_2g1.png,チャージ / ラーヴァフロウ,命中ブースト / 戦いのエール,https://eldersign.jp/rankmatch?cmd=v&rk=6&v=2&se=13&t=1,https://eldersign.jp/rankmatch?cmd=v&rk=6&v=68&se=13&t=1,https://eldersign.jp/rankmatch?cmd=v&rk=6&v=70&se=13&t=1,https://eldersign.jp/rankmatch?cmd=v&rk=6&v=72&se=13&t=1,https://eldersign.jp/rankmatch?cmd=v&rk=6&v=73&se=13&t=1,https://eldersign.jp/rankmatch?cmd=v&rk=6&v=75&se=13&t=1,,,,,
覚者ロイ,C,6,クン・アヌン,48,亜2,https://eldersign.jp/img/mi/g/f0/026_cwn-annwn_2g4.png,クルセイド / バーニングレイジ / ファイアボール / ファイアランス / リヴァイヴ,クィックオーダー,https://eldersign.jp/rankmatch?cmd=v&rk=6&v=2&se=13&t=1,https://eldersign.jp/rankmatch?cmd=v&rk=6&v=68&se=13&t=1,https://eldersign.jp/rankmatch?cmd=v&rk=6&v=70&se=13&t=1,https://eldersign.jp/rankmatch?cmd=v&rk=6&v=72&se=13&t=1,https://eldersign.jp/rankmatch?cmd=v&rk=6&v=73&se=13&t=1,https://eldersign.jp/rankmatch?cmd=v&rk=6&v=75&se=13&t=1,,,,,
覚者ロイ,C,6,天然光の楔,30,原,https://eldersign.jp/img/mi/s/f0/021_gremlin_0g1.png,ストーン / ランドスライド / 光の楔 / 風葬,心の棘,https://eldersign.jp/rankmatch?cmd=v&rk=6&v=2&se=13&t=1,https://eldersign.jp/rankmatch?cmd=v&rk=6&v=68&se=13&t=1,https://eldersign.jp/rankmatch?cmd=v&rk=6&v=70&se=13&t=1,https://eldersign.jp/rankmatch?cmd=v&rk=6&v=72&se=13&t=1,https://eldersign.jp/rankmatch?cmd=v&rk=6&v=73&se=13&t=1,https://eldersign.jp/rankmatch?cmd=v&rk=6&v=75&se=13&t=1,,,,,
覚者ロイ,C,5,HPショゴス,41,原,https://eldersign.jp/img/mi/s/f0/034_shoggoth_0g7.png,イートアライブ / ダークボルト / チャージ / ベノムスクラッチ / リヴァイヴ,予習復習,https://eldersign.jp/rankmatch?cmd=v&rk=6&v=34&se=13&t=1,https://eldersign.jp/rankmatch?cmd=v&rk=6&v=67&se=13&t=1,https://eldersign.jp/rankmatch?cmd=v&rk=6&v=69&se=13&t=1,https://eldersign.jp/rankmatch?cmd=v&rk=6&v=71&se=13&t=1,https://eldersign.jp/rankmatch?cmd=v&rk=6&v=74&se=13&t=1,,,,,,
覚者ロイ,C,5,トライペック,28,亜2,https://eldersign.jp/img/mi/s/f0/019_albino-penguin_2g4.png,テラーコール / トライペック,フレイムアシスト,https://eldersign.jp/rankmatch?cmd=v&rk=6&v=34&se=13&t=1,https://eldersign.jp/rankmatch?cmd=v&rk=6&v=67&se=13&t=1,https://eldersign.jp/rankmatch?cmd=v&rk=6&v=69&se=13&t=1,https://eldersign.jp/rankmatch?cmd=v&rk=6&v=71&se=13&t=1,https://eldersign.jp/rankmatch?cmd=v&rk=6&v=74&se=13&t=1,,,,,,
覚者ロイ,C,5,防御59,30,原,https://eldersign.jp/img/mi/s/f0/034_shoggoth_0g4.png,エルフショット / ダークボルト / テケリ・リ / ヒーリング / 風葬,予習復習,https://eldersign.jp/rankmatch?cmd=v&rk=6&v=34&se=13&t=1,https://eldersign.jp/rankmatch?cmd=v&rk=6&v=67&se=13&t=1,https://eldersign.jp/rankmatch?cmd=v&rk=6&v=69&se=13&t=1,https://eldersign.jp/rankmatch?cmd=v&rk=6&v=71&se=13&t=1,https://eldersign.jp/rankmatch?cmd=v&rk=6&v=74&se=13&t=1,,,,,,
覚者ロイ,C,5,ショゴス,19,,,,コールドバリア / ローズイズレッド,https://eldersign.jp/rankmatch?cmd=v&rk=6&v=34&se=13&t=1,https://eldersign.jp/rankmatch?cmd=v&rk=6&v=67&se=13&t=1,https://eldersign.jp/rankmatch?cmd=v&rk=6&v=69&se=13&t=1,https://eldersign.jp/rankmatch?cmd=v&rk=6&v=71&se=13&t=1,https://eldersign.jp/rankmatch?cmd=v&rk=6&v=74&se=13&t=1,,,,,,